Processo,CPF
00688.009695/2023-16,71004173687
00688.009709/2023-93,18705561000
00688.009767/2023-17,23777060704
					,02103491157
					,x2103491157