Processo,CPF
14022.108638/2023-49,30366763091
00688.011442/2023-02,32094183904
00688.011415/2023-21,76619133720
00688.004822/2023-82,07483058234
14022.108406/2023-91,16321073920
00688.011467/2023-06,06346570382
00688.011474/2023-08,03679810334
00688.011496/2023-60,10844325015
00688.011472/2023-19,06789390200
